{
    "AAHScout_MPR_cor":[
        "EXCLUDE_BIDS_Directory",
        "EXCLUDE_BIDS_Name",
        "UNASSIGNED"
    ],
    "NEW_Resting_PA_SBRef":[
        "EXCLUDE_BIDS_Directory",
        "EXCLUDE_BIDS_Name",
        "UNASSIGNED"
    ],
    "AAHScout_MPR_tra":[
        "EXCLUDE_BIDS_Directory",
        "EXCLUDE_BIDS_Name",
        "UNASSIGNED"
    ],
    "Perfusion_Weighted_split_1":[
        "EXCLUDE_BIDS_Directory",
        "EXCLUDE_BIDS_Name",
        "UNASSIGNED"
    ],
    "FieldMap_2mm":[
        "EXCLUDE_BIDS_Directory",
        "EXCLUDE_BIDS_Name",
        "UNASSIGNED"
    ],
    "dMRI_dir98_AP":[
        "EXCLUDE_BIDS_Directory",
        "EXCLUDE_BIDS_Name",
        "UNASSIGNED"
    ],
    "NEW_Resting_PA":[
        "EXCLUDE_BIDS_Directory",
        "EXCLUDE_BIDS_Name",
        "UNASSIGNED"
    ],
    "N-BACK_SBRef":[
        "EXCLUDE_BIDS_Directory",
        "EXCLUDE_BIDS_Name",
        "UNASSIGNED"
    ],
    "N-BACK":[
        "EXCLUDE_BIDS_Directory",
        "EXCLUDE_BIDS_Name",
        "UNASSIGNED"
    ],
    "Localizer_aligned":[
        "EXCLUDE_BIDS_Directory",
        "EXCLUDE_BIDS_Name",
        "UNASSIGNED"
    ],
    "dMRI_dir98_AP_SBRef":[
        "EXCLUDE_BIDS_Directory",
        "EXCLUDE_BIDS_Name",
        "UNASSIGNED"
    ],
    "NEW_Resting_AP":[
        "EXCLUDE_BIDS_Directory",
        "EXCLUDE_BIDS_Name",
        "UNASSIGNED"
    ],
    "BOLD_SB_SE_AP":[
        "EXCLUDE_BIDS_Directory",
        "EXCLUDE_BIDS_Name",
        "UNASSIGNED"
    ],
    "NEW_Resting_AP_SBRef":[
        "EXCLUDE_BIDS_Directory",
        "EXCLUDE_BIDS_Name",
        "UNASSIGNED"
    ],
    "BOLD_SB_SE_PA":[
        "EXCLUDE_BIDS_Directory",
        "EXCLUDE_BIDS_Name",
        "UNASSIGNED"
    ],
    "AAHScout_MPR_sag":[
        "EXCLUDE_BIDS_Directory",
        "EXCLUDE_BIDS_Name",
        "UNASSIGNED"
    ],
    "dMRI_dir98_AP_TRACEW":[
        "EXCLUDE_BIDS_Directory",
        "EXCLUDE_BIDS_Name",
        "UNASSIGNED"
    ],
    "Perfusion_Weighted":[
        "EXCLUDE_BIDS_Directory",
        "EXCLUDE_BIDS_Name",
        "UNASSIGNED"
    ],
    "AAHScout":[
        "EXCLUDE_BIDS_Directory",
        "EXCLUDE_BIDS_Name",
        "UNASSIGNED"
    ],
    "T1w_MPR":[
        "EXCLUDE_BIDS_Directory",
        "EXCLUDE_BIDS_Name",
        "UNASSIGNED"
    ],
    "SpinEchoFieldMap_AP":[
        "EXCLUDE_BIDS_Directory",
        "EXCLUDE_BIDS_Name",
        "UNASSIGNED"
    ],
    "BIAS_BC":[
        "EXCLUDE_BIDS_Directory",
        "EXCLUDE_BIDS_Name",
        "UNASSIGNED"
    ],
    "perfusion_color_map_RGB":[
        "EXCLUDE_BIDS_Directory",
        "EXCLUDE_BIDS_Name",
        "UNASSIGNED"
    ],
    "BIAS_64CH":[
        "EXCLUDE_BIDS_Directory",
        "EXCLUDE_BIDS_Name",
        "UNASSIGNED"
    ],
    "perfusion_color_map":[
        "EXCLUDE_BIDS_Directory",
        "EXCLUDE_BIDS_Name",
        "UNASSIGNED"
    ],
    "T2w_SPC":[
        "EXCLUDE_BIDS_Directory",
        "EXCLUDE_BIDS_Name",
        "UNASSIGNED"
    ],
    "ASL_3D_HighRes":[
        "EXCLUDE_BIDS_Directory",
        "EXCLUDE_BIDS_Name",
        "UNASSIGNED"
    ],
    "SpinEchoFieldMap_PA":[
        "EXCLUDE_BIDS_Directory",
        "EXCLUDE_BIDS_Name",
        "UNASSIGNED"
    ]
}