{
    "AAHScout_MPR_cor":[
        "EXCLUDE_BIDS_Directory",
        "EXCLUDE_BIDS_Name",
        "UNASSIGNED"
    ],
    "NEW_Resting_PA_SBRef":[
        "func",
        "task-rest_acq-PA_run-01_sbref",
        "UNASSIGNED"
    ],
    "AAHScout_MPR_tra":[
        "EXCLUDE_BIDS_Directory",
        "EXCLUDE_BIDS_Name",
        "UNASSIGNED"
    ],
    "Perfusion_Weighted_split_1":[
        "EXCLUDE_BIDS_Directory",
        "EXCLUDE_BIDS_Name",
        "UNASSIGNED"
    ],
    "FieldMap_2mm":[
        "EXCLUDE_BIDS_Directory",
        "EXCLUDE_BIDS_Name",
        "UNASSIGNED"
    ],
    "dMRI_dir98_AP":[
        "dwi",
        "run-01_dwi",
        "UNASSIGNED"
    ],
    "NEW_Resting_PA":[
        "func",
        "task-rest_acq-PA_run-01_bold",
        "UNASSIGNED"
    ],
    "N-BACK_SBRef":[
        "func",
        "task-nback_acq-AP_run-01_sbref",
        "UNASSIGNED"
    ],
    "N-BACK":[
        "func",
        "task-nback_acq-AP_run-01_bold",
        "UNASSIGNED"
    ],
    "Localizer_aligned":[
        "EXCLUDE_BIDS_Directory",
        "EXCLUDE_BIDS_Name",
        "UNASSIGNED"
    ],
    "dMRI_dir98_AP_SBRef":[
        "dwi",
        "run-01_sbref",
        "UNASSIGNED"
    ],
    "NEW_Resting_AP":[
        "func",
        "task-rest_acq-AP_run-01_bold",
        "UNASSIGNED"
    ],
    "BOLD_SB_SE_AP":[
        "EXCLUDE_BIDS_Directory",
        "EXCLUDE_BIDS_Name",
        "UNASSIGNED"
    ],
    "NEW_Resting_AP_SBRef":[
        "func",
        "task-rest_acq-AP_run-01_sbref",
        "UNASSIGNED"
    ],
    "BOLD_SB_SE_PA":[
        "EXCLUDE_BIDS_Directory",
        "EXCLUDE_BIDS_Name",
        "UNASSIGNED"
    ],
    "AAHScout_MPR_sag":[
        "EXCLUDE_BIDS_Directory",
        "EXCLUDE_BIDS_Name",
        "UNASSIGNED"
    ],
    "dMRI_dir98_AP_TRACEW":[
        "EXCLUDE_BIDS_Directory",
        "EXCLUDE_BIDS_Name",
        "UNASSIGNED"
    ],
    "Perfusion_Weighted":[
        "EXCLUDE_BIDS_Directory",
        "EXCLUDE_BIDS_Name",
        "UNASSIGNED"
    ],
    "AAHScout":[
        "EXCLUDE_BIDS_Directory",
        "EXCLUDE_BIDS_Name",
        "UNASSIGNED"
    ],
    "T1w_MPR":[
        "anat",
        "T1w",
        "UNASSIGNED"
    ],
    "SpinEchoFieldMap_AP":[
        "fmap",
        "dir-AP_run-01_epi",
        ["task-rest_acq-AP_run-01_bold","task-rest_acq-PA_run-01_bold","task-nback_acq-AP_run-01_bold"]
    ],
    "BIAS_BC":[
        "EXCLUDE_BIDS_Directory",
        "EXCLUDE_BIDS_Name",
        "UNASSIGNED"
    ],
    "perfusion_color_map_RGB":[
        "EXCLUDE_BIDS_Directory",
        "EXCLUDE_BIDS_Name",
        "UNASSIGNED"
    ],
    "BIAS_64CH":[
        "EXCLUDE_BIDS_Directory",
        "EXCLUDE_BIDS_Name",
        "UNASSIGNED"
    ],
    "perfusion_color_map":[
        "EXCLUDE_BIDS_Directory",
        "EXCLUDE_BIDS_Name",
        "UNASSIGNED"
    ],
    "T2w_SPC":[
        "anat",
        "T2w",
        "UNASSIGNED"
    ],
    "ASL_3D_HighRes":[
        "func",
        "task-rest_run-01_asl",
        "UNASSIGNED"
    ],    
    "perf_color_map":[
       "EXCLUDE_BIDS_Directory",
       "EXCLUDE_BIDS_Name",
       "UNASSIGNED"
    ],
    "SpinEchoFieldMap_PA":[
        "fmap",
        "dir-PA_run-01_epi",
        ["task-rest_acq-PA_run-01_bold","task-rest_acq-AP_run-01_bold"]
    ]
}
